{
  "tokenizers": {
    "Character (k=1)": {
      "name": "Character (k=1)",
      "vocab_size": 9,
      "encode_time": 0.018245220184326172,
      "encode_speed": 5480.887541489167,
      "decode_time": 0.012716054916381836,
      "decode_speed": 7864.07424767976,
      "reconstruction_accuracy": 1.0,
      "avg_tokens_per_seq": 1696.07,
      "compression_ratio": 0.9988208033866527
    },
    "K-mer Overlap (k=3, s=1)": {
      "name": "K-mer Overlap (k=3, s=1)",
      "vocab_size": 69,
      "encode_time": 0.031158924102783203,
      "encode_speed": 3209.3534317851404,
      "decode_time": 0.01953887939453125,
      "decode_speed": 5118.0007809449435,
      "reconstruction_accuracy": 1.0,
      "avg_tokens_per_seq": 1694.07,
      "compression_ratio": 1.0
    },
    "K-mer Non-overlap (k=3, s=3)": {
      "name": "K-mer Non-overlap (k=3, s=3)",
      "vocab_size": 69,
      "encode_time": 0.010709047317504883,
      "encode_speed": 9337.898791103591,
      "decode_time": 0.00431513786315918,
      "decode_speed": 23174.230620476268,
      "reconstruction_accuracy": 1.0,
      "avg_tokens_per_seq": 566.69,
      "compression_ratio": 2.9894122006740895
    },
    "K-mer Large (k=6, s=1)": {
      "name": "K-mer Large (k=6, s=1)",
      "vocab_size": 4101,
      "encode_time": 0.032025814056396484,
      "encode_speed": 3122.481128002025,
      "decode_time": 0.022929906845092773,
      "decode_speed": 4361.116714322849,
      "reconstruction_accuracy": 1.0,
      "avg_tokens_per_seq": 1691.07,
      "compression_ratio": 1.0017740247299047
    },
    "BPE (100 merges)": {
      "name": "BPE (100 merges)",
      "train_time": 3.3945300579071045,
      "vocab_size": 109,
      "encode_time": 1.1238760948181152,
      "encode_speed": 88.97778007831344,
      "decode_time": 0.005248069763183594,
      "decode_speed": 19054.62475013629,
      "reconstruction_accuracy": 1.0,
      "avg_tokens_per_seq": 581.97,
      "compression_ratio": 2.910923243466158
    }
  },
  "embedders": {
    "Sinusoidal PE": {
      "name": "Sinusoidal PE",
      "parameters": 2304,
      "model_size_mb": 0.0087890625,
      "forward_time": 0.000864720344543457,
      "output_shape": [
        32,
        512,
        256
      ],
      "memory_mb": 0.0
    },
    "Learnable PE": {
      "name": "Learnable PE",
      "parameters": 264448,
      "model_size_mb": 1.0087890625,
      "forward_time": 0.0012403964996337891,
      "output_shape": [
        32,
        512,
        256
      ],
      "memory_mb": 0.0
    },
    "RoPE (Rotary)": {
      "name": "RoPE (Rotary)",
      "parameters": 2304,
      "model_size_mb": 0.0087890625,
      "forward_time": 0.0026921987533569335,
      "output_shape": [
        32,
        512,
        256
      ],
      "memory_mb": 0.0
    },
    "RoPE Complex": {
      "name": "RoPE Complex",
      "parameters": 2304,
      "model_size_mb": 0.0087890625,
      "forward_time": 0.0009723186492919921,
      "output_shape": [
        32,
        512,
        256
      ],
      "memory_mb": 0.0
    },
    "ALiBi": {
      "name": "ALiBi",
      "parameters": 2304,
      "model_size_mb": 0.0087890625,
      "forward_time": 0.0004929065704345703,
      "output_shape": [
        32,
        512,
        256
      ],
      "memory_mb": 0.0
    }
  }
}