{
  "Sinusoidal PE": {
    "name": "Sinusoidal PE",
    "parameters": 2304,
    "model_size_mb": 0.0087890625,
    "forward_time": 0.0010107755661010742,
    "output_shape": [
      32,
      512,
      256
    ],
    "memory_mb": 0.0
  },
  "Learnable PE": {
    "name": "Learnable PE",
    "parameters": 264448,
    "model_size_mb": 1.0087890625,
    "forward_time": 0.0017215967178344726,
    "output_shape": [
      32,
      512,
      256
    ],
    "memory_mb": 0.015625
  },
  "ALiBi": {
    "name": "ALiBi",
    "parameters": 2304,
    "model_size_mb": 0.0087890625,
    "forward_time": 0.0004570245742797852,
    "output_shape": [
      32,
      512,
      256
    ],
    "memory_mb": 0.0
  },
  "RoPE": {
    "name": "RoPE",
    "parameters": 2304,
    "model_size_mb": 0.0087890625,
    "forward_time": 0.002965092658996582,
    "output_shape": [
      32,
      512,
      256
    ],
    "memory_mb": 0.0
  },
  "RoPE (Complex)": {
    "name": "RoPE (Complex)",
    "parameters": 2304,
    "model_size_mb": 0.0087890625,
    "forward_time": 0.0013241052627563476,
    "output_shape": [
      32,
      512,
      256
    ],
    "memory_mb": 0.0
  }
}